threshold,long_window,short_window,precision,recall,f1_score,accuracy,mcc,true_positive_windows,false_positive_alerts,false_negative_windows,raw_nab_score,normalized_nab_score,model
0.9998,30,2,0.14,0.007238883143743537,0.013765978367748278,0.9621337964361221,0.023997630211367017,5,43,14,-29.6210713333424,14.699874853785264,ANN
0.9996,30,2,0.09523809523809523,0.008273009307135471,0.015223596574690773,0.960925702204772,0.017662787595916603,6,76,13,-30.247754951725483,13.600429909253538,ANN
0.9998,35,2,0.09195402298850575,0.008273009307135471,0.015180265654648957,0.9608124433705829,0.016971256367747857,6,79,13,-30.54430344264975,13.08016939886009,ANN
0.999,25,2,0.0898876404494382,0.008273009307135471,0.015151515151515152,0.9607369374811235,0.016526136617260524,6,81,13,-30.79775495172548,12.635517628551789,ANN
0.9995,30,2,0.10101010101010101,0.010341261633919338,0.01876172607879925,0.9605104198127454,0.021065567086496265,6,89,13,-30.853872499681817,12.537065790031901,ANN
0.9997,30,2,0.109375,0.007238883143743537,0.013579049466537343,0.9616052552099064,0.019121152351155853,5,57,14,-31.15930112811583,12.001226091024863,ANN
0.9997,35,2,0.09259259259259259,0.010341261633919338,0.018604651162790697,0.9601706433101782,0.01913428007581225,6,98,13,-31.84387249968181,10.800223684768751,ANN
0.9996,50,3,0.0784313725490196,0.004136504653567736,0.007858546168958742,0.9618695258230142,0.009818194933712299,4,47,15,-32.08750825011752,10.372792543653468,ANN
0.9995,25,2,0.125,0.0062047569803516025,0.011822660098522167,0.9621337964361221,0.02010413629272024,4,42,15,-32.22573143377253,10.130295730223631,ANN
0.9998,40,2,0.09482758620689655,0.011375387797311272,0.020313942751615882,0.9599441256418001,0.020623658189156763,6,105,13,-32.61158210709598,9.453364724393023,ANN
0.9996,35,2,0.09090909090909091,0.011375387797311272,0.02022058823529412,0.9597553609181516,0.019650075599585273,6,110,13,-33.16157171309099,8.488470678787731,ANN
0.9995,50,3,0.08450704225352113,0.0062047569803516025,0.011560693641618498,0.9612654787073391,0.013268299014893983,4,65,15,-33.93080251039998,7.138942964210564,ANN
0.999,40,3,0.07317073170731707,0.0031023784901758012,0.005952380952380952,0.9621715493808517,0.0076970856344642045,3,38,16,-34.049977646434264,6.929863778185501,ANN
0.9995,35,2,0.08633093525179857,0.012409513960703205,0.021699819168173595,0.9591513138024766,0.019295213772519977,6,127,13,-35.03157171309099,5.207768924401772,ANN
0.9997,40,2,0.08571428571428572,0.012409513960703205,0.021680216802168018,0.9591135608577469,0.01912519299218133,6,128,13,-35.05458188407067,5.167400203384787,ANN
0.9997,25,2,0.07692307692307693,0.002068252326783868,0.004028197381671702,0.9626623376623377,0.006754847296096657,2,24,17,-35.37486936525144,4.605492341664137,ANN
0.999,20,2,0.07142857142857142,0.002068252326783868,0.004020100502512563,0.9625868317728783,0.006057086108136897,2,26,17,-35.591671931318736,4.225136962598709,ANN
0.9997,50,3,0.05714285714285714,0.002068252326783868,0.003992015968063872,0.9623225611597704,0.004002248981402288,2,33,17,-35.773449278887085,3.9062293352858153,ANN
0.999,30,2,0.08108108108108109,0.012409513960703205,0.021524663677130042,0.9588115372999094,0.0178152330341427,6,136,13,-35.99378069809988,3.519682985789679,ANN
0.9997,40,3,0.1,0.001034126163391934,0.0020470829068577278,0.9631908788885533,0.006579148338231673,1,9,18,-36.12068341534683,3.2970466397424,ANN
0.999,50,3,0.1092436974789916,0.01344364012409514,0.02394106813996317,0.9599818785865297,0.026053539557081326,5,106,14,-36.19542562080784,3.165919963495019,ANN
0.9998,25,2,0.14285714285714285,0.001034126163391934,0.002053388090349076,0.9633041377227424,0.009219483587739769,1,6,18,-36.36309455315223,2.871763941838193,ANN
0.9996,25,2,0.08108108108108109,0.0031023784901758012,0.00597609561752988,0.9623225611597704,0.008888906734492092,2,34,17,-36.474869365251436,2.675667780260638,ANN
0.9996,40,3,0.06666666666666667,0.001034126163391934,0.0020366598778004076,0.9630021141649049,0.003827861971119711,1,14,18,-36.67068341534683,2.3321343590406505,ANN
0.999,35,3,0.05,0.001034126163391934,0.002026342451874367,0.9628133494412564,0.0019776384727798533,1,19,18,-37.22068341534683,1.3672220783389009,ANN
0.999,50,4,0.05,0.001034126163391934,0.002026342451874367,0.9628133494412564,0.0019776384727798533,1,19,18,-37.223512975472104,1.362257937768238,ANN
0.9995,40,3,0.047619047619047616,0.001034126163391934,0.0020242914979757085,0.9627755964965268,0.0016689166857301102,1,20,18,-37.3101202869877,1.2103152859864963,ANN
0.9996,40,2,0.08024691358024691,0.01344364012409514,0.023029229406554472,0.9583585019631531,0.0182948607299112,6,149,13,-37.335145541081985,1.1664113314351137,ANN
0.999,20,3,0.0,0.0,0.0,0.9634929024463909,0.0,0,0,19,-38.0,0.0,ANN
0.999,20,4,0.0,0.0,0.0,0.9634929024463909,0.0,0,0,19,-38.0,0.0,ANN
0.999,20,5,0.0,0.0,0.0,0.9634929024463909,0.0,0,0,19,-38.0,0.0,ANN
0.999,25,3,0.0,0.0,0.0,0.9634929024463909,0.0,0,0,19,-38.0,0.0,ANN
0.999,25,4,0.0,0.0,0.0,0.9634929024463909,0.0,0,0,19,-38.0,0.0,ANN
0.999,25,5,0.0,0.0,0.0,0.9634929024463909,0.0,0,0,19,-38.0,0.0,ANN
0.999,30,4,0.0,0.0,0.0,0.9634929024463909,0.0,0,0,19,-38.0,0.0,ANN
0.999,30,5,0.0,0.0,0.0,0.9634929024463909,0.0,0,0,19,-38.0,0.0,ANN
0.999,35,4,0.0,0.0,0.0,0.9634929024463909,0.0,0,0,19,-38.0,0.0,ANN
0.999,35,5,0.0,0.0,0.0,0.9634929024463909,0.0,0,0,19,-38.0,0.0,ANN
0.999,40,5,0.0,0.0,0.0,0.9634929024463909,0.0,0,0,19,-38.0,0.0,ANN
0.9995,20,2,0.0,0.0,0.0,0.9634929024463909,0.0,0,0,19,-38.0,0.0,ANN
0.9995,20,3,0.0,0.0,0.0,0.9634929024463909,0.0,0,0,19,-38.0,0.0,ANN
0.9995,20,4,0.0,0.0,0.0,0.9634929024463909,0.0,0,0,19,-38.0,0.0,ANN
0.9995,20,5,0.0,0.0,0.0,0.9634929024463909,0.0,0,0,19,-38.0,0.0,ANN
0.9995,25,3,0.0,0.0,0.0,0.9634929024463909,0.0,0,0,19,-38.0,0.0,ANN
0.9995,25,4,0.0,0.0,0.0,0.9634929024463909,0.0,0,0,19,-38.0,0.0,ANN
0.9995,25,5,0.0,0.0,0.0,0.9634929024463909,0.0,0,0,19,-38.0,0.0,ANN
0.9995,30,3,0.0,0.0,0.0,0.9634929024463909,0.0,0,0,19,-38.0,0.0,ANN
0.9995,30,4,0.0,0.0,0.0,0.9634929024463909,0.0,0,0,19,-38.0,0.0,ANN
0.9995,30,5,0.0,0.0,0.0,0.9634929024463909,0.0,0,0,19,-38.0,0.0,ANN
0.9995,35,4,0.0,0.0,0.0,0.9634929024463909,0.0,0,0,19,-38.0,0.0,ANN
0.9995,35,5,0.0,0.0,0.0,0.9634929024463909,0.0,0,0,19,-38.0,0.0,ANN
0.9995,40,4,0.0,0.0,0.0,0.9634929024463909,0.0,0,0,19,-38.0,0.0,ANN
0.9995,40,5,0.0,0.0,0.0,0.9634929024463909,0.0,0,0,19,-38.0,0.0,ANN
0.9995,50,5,0.0,0.0,0.0,0.9634929024463909,0.0,0,0,19,-38.0,0.0,ANN
0.9996,20,2,0.0,0.0,0.0,0.9634929024463909,0.0,0,0,19,-38.0,0.0,ANN
0.9996,20,3,0.0,0.0,0.0,0.9634929024463909,0.0,0,0,19,-38.0,0.0,ANN
0.9996,20,4,0.0,0.0,0.0,0.9634929024463909,0.0,0,0,19,-38.0,0.0,ANN
0.9996,20,5,0.0,0.0,0.0,0.9634929024463909,0.0,0,0,19,-38.0,0.0,ANN
0.9996,25,3,0.0,0.0,0.0,0.9634929024463909,0.0,0,0,19,-38.0,0.0,ANN
0.9996,25,4,0.0,0.0,0.0,0.9634929024463909,0.0,0,0,19,-38.0,0.0,ANN
0.9996,25,5,0.0,0.0,0.0,0.9634929024463909,0.0,0,0,19,-38.0,0.0,ANN
0.9996,30,3,0.0,0.0,0.0,0.9634929024463909,0.0,0,0,19,-38.0,0.0,ANN
0.9996,30,4,0.0,0.0,0.0,0.9634929024463909,0.0,0,0,19,-38.0,0.0,ANN
0.9996,30,5,0.0,0.0,0.0,0.9634929024463909,0.0,0,0,19,-38.0,0.0,ANN
0.9996,35,4,0.0,0.0,0.0,0.9634929024463909,0.0,0,0,19,-38.0,0.0,ANN
0.9996,35,5,0.0,0.0,0.0,0.9634929024463909,0.0,0,0,19,-38.0,0.0,ANN
0.9996,40,4,0.0,0.0,0.0,0.9634929024463909,0.0,0,0,19,-38.0,0.0,ANN
0.9996,40,5,0.0,0.0,0.0,0.9634929024463909,0.0,0,0,19,-38.0,0.0,ANN
0.9996,50,5,0.0,0.0,0.0,0.9634929024463909,0.0,0,0,19,-38.0,0.0,ANN
0.9997,20,2,0.0,0.0,0.0,0.9634929024463909,0.0,0,0,19,-38.0,0.0,ANN
0.9997,20,3,0.0,0.0,0.0,0.9634929024463909,0.0,0,0,19,-38.0,0.0,ANN
0.9997,20,4,0.0,0.0,0.0,0.9634929024463909,0.0,0,0,19,-38.0,0.0,ANN
0.9997,20,5,0.0,0.0,0.0,0.9634929024463909,0.0,0,0,19,-38.0,0.0,ANN
0.9997,25,3,0.0,0.0,0.0,0.9634929024463909,0.0,0,0,19,-38.0,0.0,ANN
0.9997,25,4,0.0,0.0,0.0,0.9634929024463909,0.0,0,0,19,-38.0,0.0,ANN
0.9997,25,5,0.0,0.0,0.0,0.9634929024463909,0.0,0,0,19,-38.0,0.0,ANN
0.9997,30,3,0.0,0.0,0.0,0.9634929024463909,0.0,0,0,19,-38.0,0.0,ANN
0.9997,30,4,0.0,0.0,0.0,0.9634929024463909,0.0,0,0,19,-38.0,0.0,ANN
0.9997,30,5,0.0,0.0,0.0,0.9634929024463909,0.0,0,0,19,-38.0,0.0,ANN
0.9997,35,4,0.0,0.0,0.0,0.9634929024463909,0.0,0,0,19,-38.0,0.0,ANN
0.9997,35,5,0.0,0.0,0.0,0.9634929024463909,0.0,0,0,19,-38.0,0.0,ANN
0.9997,40,4,0.0,0.0,0.0,0.9634929024463909,0.0,0,0,19,-38.0,0.0,ANN
0.9997,40,5,0.0,0.0,0.0,0.9634929024463909,0.0,0,0,19,-38.0,0.0,ANN
0.9997,50,5,0.0,0.0,0.0,0.9634929024463909,0.0,0,0,19,-38.0,0.0,ANN
0.9998,20,2,0.0,0.0,0.0,0.9634929024463909,0.0,0,0,19,-38.0,0.0,ANN
0.9998,20,3,0.0,0.0,0.0,0.9634929024463909,0.0,0,0,19,-38.0,0.0,ANN
0.9998,20,4,0.0,0.0,0.0,0.9634929024463909,0.0,0,0,19,-38.0,0.0,ANN
0.9998,20,5,0.0,0.0,0.0,0.9634929024463909,0.0,0,0,19,-38.0,0.0,ANN
0.9998,25,3,0.0,0.0,0.0,0.9634929024463909,0.0,0,0,19,-38.0,0.0,ANN
0.9998,25,4,0.0,0.0,0.0,0.9634929024463909,0.0,0,0,19,-38.0,0.0,ANN
0.9998,25,5,0.0,0.0,0.0,0.9634929024463909,0.0,0,0,19,-38.0,0.0,ANN
0.9998,30,3,0.0,0.0,0.0,0.9634929024463909,0.0,0,0,19,-38.0,0.0,ANN
0.9998,30,4,0.0,0.0,0.0,0.9634929024463909,0.0,0,0,19,-38.0,0.0,ANN
0.9998,30,5,0.0,0.0,0.0,0.9634929024463909,0.0,0,0,19,-38.0,0.0,ANN
0.9998,35,3,0.0,0.0,0.0,0.9634929024463909,0.0,0,0,19,-38.0,0.0,ANN
0.9998,35,4,0.0,0.0,0.0,0.9634929024463909,0.0,0,0,19,-38.0,0.0,ANN
0.9998,35,5,0.0,0.0,0.0,0.9634929024463909,0.0,0,0,19,-38.0,0.0,ANN
0.9998,40,4,0.0,0.0,0.0,0.9634929024463909,0.0,0,0,19,-38.0,0.0,ANN
0.9998,40,5,0.0,0.0,0.0,0.9634929024463909,0.0,0,0,19,-38.0,0.0,ANN
0.9998,50,4,0.0,0.0,0.0,0.9634929024463909,0.0,0,0,19,-38.0,0.0,ANN
0.9998,50,5,0.0,0.0,0.0,0.9634929024463909,0.0,0,0,19,-38.0,0.0,ANN
0.9997,35,3,0.0,0.0,0.0,0.9634551495016611,-0.0011960463429957408,0,1,19,-38.11,-0.19298245614034987,ANN
0.9998,50,3,0.034482758620689655,0.001034126163391934,0.0020080321285140565,0.9624735729386892,-0.00035734079597601724,1,28,18,-38.19012028698769,-0.33354436313630276,ANN
0.999,50,5,0.0,0.0,0.0,0.9633796436122017,-0.0020716912511502808,0,3,19,-38.33,-0.5789473684210497,ANN
0.999,40,4,0.0,0.0,0.0,0.9633041377227424,-0.0026746428937191335,0,5,19,-38.55,-0.9649122807017494,ANN
0.9997,50,4,0.0,0.0,0.0,0.9633041377227424,-0.0026746428937191335,0,5,19,-38.55,-0.9649122807017494,ANN
0.9996,50,4,0.0,0.0,0.0,0.9632663847780126,-0.00292997981096898,0,6,19,-38.66,-1.1578947368420993,ANN
0.999,30,3,0.0,0.0,0.0,0.963228631833283,-0.0031647996554293066,0,7,19,-38.769999999999996,-1.3508771929824492,ANN
0.9995,35,3,0.0,0.0,0.0,0.963228631833283,-0.0031647996554293066,0,7,19,-38.769999999999996,-1.3508771929824492,ANN
0.9996,35,3,0.0,0.0,0.0,0.963228631833283,-0.0031647996554293066,0,7,19,-38.769999999999996,-1.3508771929824492,ANN
0.9998,40,3,0.0,0.0,0.0,0.963228631833283,-0.0031647996554293066,0,7,19,-38.769999999999996,-1.3508771929824492,ANN
0.9995,50,4,0.0,0.0,0.0,0.9631908788885533,-0.0033833770289647264,0,8,19,-38.879999999999995,-1.543859649122799,ANN
0.9995,40,2,0.06951871657754011,0.01344364012409514,0.022530329289428077,0.9574146783449109,0.014841868657199782,6,174,13,-40.085145472531984,-3.6581499518104983,ANN
0.999,35,2,0.06310679611650485,0.01344364012409514,0.022165387894288152,0.9566973723950468,0.012556488601049097,6,193,13,-42.06893808686825,-7.138487871698685,ANN
0.9998,50,2,0.05791505791505792,0.015511892450879007,0.024469820554649267,0.9548474781032921,0.011342829248236128,6,244,13,-47.43472938025982,-16.552156807473363,ANN
0.9997,50,2,0.06188925081433225,0.01964839710444674,0.029827315541601257,0.9533373603141045,0.014655195673825266,6,288,13,-52.27323293017452,-25.04075952662197,ANN
0.9996,50,2,0.06646525679758308,0.022750775594622543,0.03389830508474576,0.9526578073089701,0.01796893106532254,6,309,13,-54.576233859342544,-29.08111203393429,ANN
0.999,40,2,0.056,0.02171664943123061,0.03129657228017884,0.9509211718514045,0.012455204019001308,7,354,12,-56.61145276973233,-32.6516715258462,ANN
0.9995,50,2,0.06318681318681318,0.023784901758014478,0.03456048084147258,0.9514874660223498,0.01679187286878974,6,341,13,-57.93929600963424,-34.98122106953375,ANN
0.9998,25,1,0.058823529411764705,0.03412616339193381,0.04319371727748691,0.9448051948051948,0.01750318732706357,12,528,7,-62.278401608885986,-42.593687033133314,ANN
0.9998,20,1,0.05321100917431193,0.02998965873836608,0.03835978835978836,0.9451072183630324,0.01290902446157284,11,516,8,-63.172048004449515,-44.161487727104415,ANN
0.999,50,2,0.0650759219088937,0.031023784901758014,0.04201680672268908,0.9483539716097855,0.02027299263294003,6,431,13,-67.71960770547888,-52.139662641191016,ANN
0.9997,25,1,0.05365853658536585,0.03412616339193381,0.041719342604298354,0.9427665357897916,0.014099438399717345,12,582,7,-68.19024877885263,-52.96534873482918,ANN
0.9997,20,1,0.051926298157453935,0.03205791106514995,0.03964194373401535,0.9432950770160072,0.012484228206700443,11,566,8,-68.51664656406875,-53.53797642819079,ANN
0.9998,30,1,0.05391304347826087,0.03205791106514995,0.040207522697795074,0.9441256418000604,0.01382482974882163,10,544,9,-70.01507702799594,-56.166801803501656,ANN
0.9998,40,1,0.053082191780821915,0.03205791106514995,0.03997421018697614,0.9437858652974932,0.013269852660626873,10,553,9,-70.8135524753295,-57.5676359216307,ANN
0.9998,35,1,0.05254237288135593,0.03205791106514995,0.03982016698779705,0.9435593476291151,0.012904952213711378,10,559,9,-71.54660944664928,-58.85370078359524,ANN
0.9996,20,1,0.050793650793650794,0.033092037228541885,0.04007514088916719,0.9421247357293869,0.011890150727781905,11,598,8,-71.96752292034337,-59.59214547428662,ANN
0.9996,25,1,0.05222734254992319,0.03516028955532575,0.04202719406674907,0.9414829356689822,0.01330502971272302,12,617,7,-72.03769911889836,-59.71526161210238,ANN
0.9998,50,1,0.0549645390070922,0.03205791106514995,0.040496407576747225,0.944540924192087,0.014516005766996827,8,533,11,-73.57138325773892,-62.40593553989284,ANN
0.9997,40,1,0.05186385737439222,0.033092037228541885,0.04040404040404041,0.9426155240108729,0.012645111202961998,10,585,9,-74.33354911868425,-63.7430686292706,ANN
0.9997,35,1,0.051696284329563816,0.033092037228541885,0.0403530895334174,0.9425400181214135,0.012527866406293303,10,587,9,-74.50929108962956,-64.05138787654307,ANN
0.9995,20,1,0.0486322188449848,0.033092037228541885,0.03938461538461539,0.9410676532769556,0.010318674722886117,11,626,8,-75.00508904492317,-64.9212088507424,ANN
0.9995,25,1,0.0527086383601757,0.03722854188210962,0.04363636363636365,0.9404258532165509,0.014054060736380953,12,647,7,-75.33608607105207,-65.50190538781064,ANN
0.9997,30,1,0.05238095238095238,0.03412616339193381,0.041327489041953665,0.9422002416188463,0.01321120100536505,10,597,9,-75.84507702799588,-66.39487197894015,ANN
0.9997,50,1,0.051839464882943144,0.03205791106514995,0.039616613418530344,0.9432573240712776,0.012424555750499444,8,567,11,-77.29708133715525,-68.94224795992149,ANN
0.9996,40,1,0.053929121725731895,0.03619441571871768,0.043316831683168314,0.941633947447901,0.014722114677602186,10,614,9,-77.50615095314026,-69.30903675989519,ANN
0.9996,30,1,0.05069124423963134,0.03412616339193381,0.0407911001236094,0.9414074297795229,0.012004933329690253,10,618,9,-78.01159491504013,-70.19578055270199,ANN
0.9996,35,1,0.05053598774885146,0.03412616339193381,0.04074074074074074,0.9413319238900634,0.011892215229811768,10,620,9,-78.13929065700319,-70.41980817018103,ANN
0.9996,50,1,0.050793650793650794,0.033092037228541885,0.04007514088916719,0.9421247357293869,0.011890150727781905,8,598,11,-80.6957329296317,-74.90479461338896,ANN
0.9995,35,1,0.05,0.03516028955532575,0.04128718882817243,0.9403881002718212,0.011678034359062799,10,646,9,-80.97414385214915,-75.39323482833186,ANN
0.9995,30,1,0.048600883652430045,0.03412616339193381,0.040097205346294046,0.9403503473270916,0.010459204832964716,10,646,9,-80.98557717026749,-75.41329328117104,ANN
0.9995,40,1,0.05278592375366569,0.03722854188210962,0.04366282595512432,0.9404636061612806,0.014110487367406636,10,646,9,-81.02580129780715,-75.48386192597745,ANN
0.9995,50,1,0.05007587253414264,0.03412616339193381,0.04059040590405904,0.9411054062216853,0.01155624228180989,8,626,11,-83.75339633250219,-80.26911637281086,ANN
0.999,20,1,0.051347881899871634,0.04136504653567735,0.04581901489117984,0.9371035940803383,0.013774317140215216,12,739,7,-85.12488197121603,-82.67523152844917,ANN
0.999,25,1,0.04853128991060025,0.03929679420889348,0.04342857142857143,0.9368015705225008,0.011189613327073742,12,745,7,-85.96362009554039,-84.14670192200069,ANN
0.999,50,1,0.04933333333333333,0.038262668045501554,0.04309842748980781,0.9379719118091211,0.011674264788509123,9,713,10,-90.46483850689452,-92.04357632788512,ANN
0.999,35,1,0.05012853470437018,0.04033092037228542,0.04469914040114614,0.9370658411356085,0.012634229978706004,10,739,9,-91.06636053943755,-93.09887813936413,ANN
0.999,30,1,0.04713375796178344,0.038262668045501554,0.04223744292237443,0.936650558743582,0.00990208863466252,10,748,9,-92.16306732864224,-95.02292513796885,ANN
0.999,40,1,0.05170239596469105,0.04239917269906929,0.04659090909090909,0.936650558743582,0.014233398310929702,10,752,9,-92.48182377242897,-95.58214696917364,ANN
0.9995,25,2,0.15217391304347827,0.007238883143743537,0.013820335636722606,0.9622848082150408,0.025723356176188567,5,39,14,-29.18292937126945,15.46854496268518,GRU
0.9998,30,2,0.14285714285714285,0.007238883143743537,0.013779527559055116,0.9621715493808517,0.024411827573747234,5,42,14,-29.5110713333424,14.892857309925615,GRU
0.9996,30,2,0.10126582278481013,0.008273009307135471,0.015296367112810709,0.9611144669284204,0.018885259005580926,6,71,13,-29.697754951725486,14.56534218995529,GRU
0.9998,35,2,0.09302325581395349,0.008273009307135471,0.015194681861348529,0.9608501963153125,0.017198498458075313,6,78,13,-30.43430344264975,13.273151855000439,GRU
0.999,25,2,0.09302325581395349,0.008273009307135471,0.015194681861348529,0.9608501963153125,0.017198498458075313,6,78,13,-30.46775495172548,13.21446499697284,GRU
0.9995,30,2,0.10101010101010101,0.010341261633919338,0.01876172607879925,0.9605104198127454,0.021065567086496265,6,89,13,-30.853872499681817,12.537065790031901,GRU
0.9997,30,2,0.11290322580645161,0.007238883143743537,0.01360544217687075,0.9616807610993657,0.019730521554624188,5,55,14,-30.93930112811583,12.387191003305562,GRU
0.9997,35,2,0.09259259259259259,0.010341261633919338,0.018604651162790697,0.9601706433101782,0.01913428007581225,6,98,13,-31.84387249968181,10.800223684768751,GRU
0.9996,50,3,0.08,0.004136504653567736,0.007866273352999017,0.9619072787677438,0.010085006459918309,4,46,15,-31.977508250117523,10.565774999793819,GRU
0.9998,40,2,0.09649122807017543,0.011375387797311272,0.020351526364477332,0.9600196315312595,0.021027511526961775,6,103,13,-32.39387249968181,9.835311404066996,GRU
0.9996,35,2,0.09166666666666666,0.011375387797311272,0.020239190432382707,0.9597931138628814,0.01984083657459567,6,109,13,-33.05157171309099,8.681453134928082,GRU
0.9995,50,3,0.08450704225352113,0.0062047569803516025,0.011560693641618498,0.9612654787073391,0.013268299014893983,4,65,15,-33.93080251039998,7.138942964210564,GRU
0.999,40,3,0.075,0.0031023784901758012,0.005958291956305858,0.9622093023255814,0.007981808860012365,3,37,16,-33.939977646434265,7.12284623432585,GRU
0.9997,40,2,0.08695652173913043,0.012409513960703205,0.02171945701357466,0.9591890667472063,0.019466708875764627,6,126,13,-34.83458188407067,5.553365115665486,GRU
0.9995,35,2,0.08695652173913043,0.012409513960703205,0.02171945701357466,0.9591890667472063,0.019466708875764627,6,126,13,-34.92157171309099,5.400751380542121,GRU
0.9997,25,2,0.08,0.002068252326783868,0.004032258064516129,0.9627000906070674,0.007127807194562164,2,23,17,-35.26486936525144,4.798474797804487,GRU
0.999,20,2,0.07407407407407407,0.002068252326783868,0.004024144869215292,0.9626245847176079,0.006398410302031006,2,25,17,-35.481671931318736,4.418119418739059,GRU
0.9997,50,3,0.05714285714285714,0.002068252326783868,0.003992015968063872,0.9623225611597704,0.004002248981402288,2,33,17,-35.773449278887085,3.9062293352858153,GRU
0.999,30,2,0.08163265306122448,0.012409513960703205,0.02154398563734291,0.958849290244639,0.017974308292738453,6,135,13,-35.883786307446535,3.712655600970992,GRU
0.999,50,3,0.11016949152542373,0.01344364012409514,0.023963133640552997,0.9600196315312595,0.026273555893680727,5,105,14,-36.08542562080784,3.358902419635369,GRU
0.9997,40,3,0.1,0.001034126163391934,0.0020470829068577278,0.9631908788885533,0.006579148338231673,1,9,18,-36.12068341534683,3.2970466397424,GRU
0.9996,25,2,0.08571428571428572,0.0031023784901758012,0.005988023952095807,0.9623980670492298,0.009543599199340912,2,32,17,-36.25486936525144,3.061632692541338,GRU
0.9998,25,2,0.14285714285714285,0.001034126163391934,0.002053388090349076,0.9633041377227424,0.009219483587739769,1,6,18,-36.36309455315223,2.871763941838193,GRU
0.9996,40,3,0.07142857142857142,0.001034126163391934,0.0020387359836901123,0.9630398671096345,0.004281874040182127,1,13,18,-36.56068341534683,2.525116815181,GRU
0.9995,40,3,0.05555555555555555,0.001034126163391934,0.0020304568527918783,0.9628888553307158,0.0026485379096562807,1,17,18,-37.00068341534683,1.7531869906196007,GRU
0.999,35,3,0.05263157894736842,0.001034126163391934,0.002028397565922921,0.9628511023859861,0.00230346106532821,1,18,18,-37.11068341534683,1.5602045344792508,GRU
0.9996,40,2,0.08125,0.01344364012409514,0.023070097604259095,0.9584340078526125,0.018597830991808655,6,147,13,-37.115145541081986,1.5523762437158133,GRU
0.999,50,4,0.047619047619047616,0.001034126163391934,0.0020242914979757085,0.9627755964965268,0.0016689166857301102,1,20,18,-37.333512975472104,1.169275481627888,GRU
0.999,20,3,0.0,0.0,0.0,0.9634929024463909,0.0,0,0,19,-38.0,0.0,GRU
0.999,20,4,0.0,0.0,0.0,0.9634929024463909,0.0,0,0,19,-38.0,0.0,GRU
0.999,20,5,0.0,0.0,0.0,0.9634929024463909,0.0,0,0,19,-38.0,0.0,GRU
0.999,25,3,0.0,0.0,0.0,0.9634929024463909,0.0,0,0,19,-38.0,0.0,GRU
0.999,25,4,0.0,0.0,0.0,0.9634929024463909,0.0,0,0,19,-38.0,0.0,GRU
0.999,25,5,0.0,0.0,0.0,0.9634929024463909,0.0,0,0,19,-38.0,0.0,GRU
0.999,30,4,0.0,0.0,0.0,0.9634929024463909,0.0,0,0,19,-38.0,0.0,GRU
0.999,30,5,0.0,0.0,0.0,0.9634929024463909,0.0,0,0,19,-38.0,0.0,GRU
0.999,35,4,0.0,0.0,0.0,0.9634929024463909,0.0,0,0,19,-38.0,0.0,GRU
0.999,35,5,0.0,0.0,0.0,0.9634929024463909,0.0,0,0,19,-38.0,0.0,GRU
0.999,40,5,0.0,0.0,0.0,0.9634929024463909,0.0,0,0,19,-38.0,0.0,GRU
0.9995,20,2,0.0,0.0,0.0,0.9634929024463909,0.0,0,0,19,-38.0,0.0,GRU
0.9995,20,3,0.0,0.0,0.0,0.9634929024463909,0.0,0,0,19,-38.0,0.0,GRU
0.9995,20,4,0.0,0.0,0.0,0.9634929024463909,0.0,0,0,19,-38.0,0.0,GRU
0.9995,20,5,0.0,0.0,0.0,0.9634929024463909,0.0,0,0,19,-38.0,0.0,GRU
0.9995,25,3,0.0,0.0,0.0,0.9634929024463909,0.0,0,0,19,-38.0,0.0,GRU
0.9995,25,4,0.0,0.0,0.0,0.9634929024463909,0.0,0,0,19,-38.0,0.0,GRU
0.9995,25,5,0.0,0.0,0.0,0.9634929024463909,0.0,0,0,19,-38.0,0.0,GRU
0.9995,30,3,0.0,0.0,0.0,0.9634929024463909,0.0,0,0,19,-38.0,0.0,GRU
0.9995,30,4,0.0,0.0,0.0,0.9634929024463909,0.0,0,0,19,-38.0,0.0,GRU
0.9995,30,5,0.0,0.0,0.0,0.9634929024463909,0.0,0,0,19,-38.0,0.0,GRU
0.9995,35,4,0.0,0.0,0.0,0.9634929024463909,0.0,0,0,19,-38.0,0.0,GRU
0.9995,35,5,0.0,0.0,0.0,0.9634929024463909,0.0,0,0,19,-38.0,0.0,GRU
0.9995,40,4,0.0,0.0,0.0,0.9634929024463909,0.0,0,0,19,-38.0,0.0,GRU
0.9995,40,5,0.0,0.0,0.0,0.9634929024463909,0.0,0,0,19,-38.0,0.0,GRU
0.9995,50,5,0.0,0.0,0.0,0.9634929024463909,0.0,0,0,19,-38.0,0.0,GRU
0.9996,20,2,0.0,0.0,0.0,0.9634929024463909,0.0,0,0,19,-38.0,0.0,GRU
0.9996,20,3,0.0,0.0,0.0,0.9634929024463909,0.0,0,0,19,-38.0,0.0,GRU
0.9996,20,4,0.0,0.0,0.0,0.9634929024463909,0.0,0,0,19,-38.0,0.0,GRU
0.9996,20,5,0.0,0.0,0.0,0.9634929024463909,0.0,0,0,19,-38.0,0.0,GRU
0.9996,25,3,0.0,0.0,0.0,0.9634929024463909,0.0,0,0,19,-38.0,0.0,GRU
0.9996,25,4,0.0,0.0,0.0,0.9634929024463909,0.0,0,0,19,-38.0,0.0,GRU
0.9996,25,5,0.0,0.0,0.0,0.9634929024463909,0.0,0,0,19,-38.0,0.0,GRU
0.9996,30,3,0.0,0.0,0.0,0.9634929024463909,0.0,0,0,19,-38.0,0.0,GRU
0.9996,30,4,0.0,0.0,0.0,0.9634929024463909,0.0,0,0,19,-38.0,0.0,GRU
0.9996,30,5,0.0,0.0,0.0,0.9634929024463909,0.0,0,0,19,-38.0,0.0,GRU
0.9996,35,4,0.0,0.0,0.0,0.9634929024463909,0.0,0,0,19,-38.0,0.0,GRU
0.9996,35,5,0.0,0.0,0.0,0.9634929024463909,0.0,0,0,19,-38.0,0.0,GRU
0.9996,40,4,0.0,0.0,0.0,0.9634929024463909,0.0,0,0,19,-38.0,0.0,GRU
0.9996,40,5,0.0,0.0,0.0,0.9634929024463909,0.0,0,0,19,-38.0,0.0,GRU
0.9996,50,5,0.0,0.0,0.0,0.9634929024463909,0.0,0,0,19,-38.0,0.0,GRU
0.9997,20,2,0.0,0.0,0.0,0.9634929024463909,0.0,0,0,19,-38.0,0.0,GRU
0.9997,20,3,0.0,0.0,0.0,0.9634929024463909,0.0,0,0,19,-38.0,0.0,GRU
0.9997,20,4,0.0,0.0,0.0,0.9634929024463909,0.0,0,0,19,-38.0,0.0,GRU
0.9997,20,5,0.0,0.0,0.0,0.9634929024463909,0.0,0,0,19,-38.0,0.0,GRU
0.9997,25,3,0.0,0.0,0.0,0.9634929024463909,0.0,0,0,19,-38.0,0.0,GRU
0.9997,25,4,0.0,0.0,0.0,0.9634929024463909,0.0,0,0,19,-38.0,0.0,GRU
0.9997,25,5,0.0,0.0,0.0,0.9634929024463909,0.0,0,0,19,-38.0,0.0,GRU
0.9997,30,3,0.0,0.0,0.0,0.9634929024463909,0.0,0,0,19,-38.0,0.0,GRU
0.9997,30,4,0.0,0.0,0.0,0.9634929024463909,0.0,0,0,19,-38.0,0.0,GRU
0.9997,30,5,0.0,0.0,0.0,0.9634929024463909,0.0,0,0,19,-38.0,0.0,GRU
0.9997,35,4,0.0,0.0,0.0,0.9634929024463909,0.0,0,0,19,-38.0,0.0,GRU
0.9997,35,5,0.0,0.0,0.0,0.9634929024463909,0.0,0,0,19,-38.0,0.0,GRU
0.9997,40,4,0.0,0.0,0.0,0.9634929024463909,0.0,0,0,19,-38.0,0.0,GRU
0.9997,40,5,0.0,0.0,0.0,0.9634929024463909,0.0,0,0,19,-38.0,0.0,GRU
0.9997,50,5,0.0,0.0,0.0,0.9634929024463909,0.0,0,0,19,-38.0,0.0,GRU
0.9998,20,2,0.0,0.0,0.0,0.9634929024463909,0.0,0,0,19,-38.0,0.0,GRU
0.9998,20,3,0.0,0.0,0.0,0.9634929024463909,0.0,0,0,19,-38.0,0.0,GRU
0.9998,20,4,0.0,0.0,0.0,0.9634929024463909,0.0,0,0,19,-38.0,0.0,GRU
0.9998,20,5,0.0,0.0,0.0,0.9634929024463909,0.0,0,0,19,-38.0,0.0,GRU
0.9998,25,3,0.0,0.0,0.0,0.9634929024463909,0.0,0,0,19,-38.0,0.0,GRU
0.9998,25,4,0.0,0.0,0.0,0.9634929024463909,0.0,0,0,19,-38.0,0.0,GRU
0.9998,25,5,0.0,0.0,0.0,0.9634929024463909,0.0,0,0,19,-38.0,0.0,GRU
0.9998,30,3,0.0,0.0,0.0,0.9634929024463909,0.0,0,0,19,-38.0,0.0,GRU
0.9998,30,4,0.0,0.0,0.0,0.9634929024463909,0.0,0,0,19,-38.0,0.0,GRU
0.9998,30,5,0.0,0.0,0.0,0.9634929024463909,0.0,0,0,19,-38.0,0.0,GRU
0.9998,35,3,0.0,0.0,0.0,0.9634929024463909,0.0,0,0,19,-38.0,0.0,GRU
0.9998,35,4,0.0,0.0,0.0,0.9634929024463909,0.0,0,0,19,-38.0,0.0,GRU
0.9998,35,5,0.0,0.0,0.0,0.9634929024463909,0.0,0,0,19,-38.0,0.0,GRU
0.9998,40,4,0.0,0.0,0.0,0.9634929024463909,0.0,0,0,19,-38.0,0.0,GRU
0.9998,40,5,0.0,0.0,0.0,0.9634929024463909,0.0,0,0,19,-38.0,0.0,GRU
0.9998,50,4,0.0,0.0,0.0,0.9634929024463909,0.0,0,0,19,-38.0,0.0,GRU
0.9998,50,5,0.0,0.0,0.0,0.9634929024463909,0.0,0,0,19,-38.0,0.0,GRU
0.9998,50,3,0.03571428571428571,0.001034126163391934,0.0020100502512562816,0.9625113258834189,-0.00013751222515770252,1,27,18,-38.08012028698769,-0.14056190699595286,GRU
0.9997,35,3,0.0,0.0,0.0,0.9634551495016611,-0.0011960463429957408,0,1,19,-38.11,-0.19298245614034987,GRU
0.999,50,5,0.0,0.0,0.0,0.9633796436122017,-0.0020716912511502808,0,3,19,-38.33,-0.5789473684210497,GRU
0.999,40,4,0.0,0.0,0.0,0.9633041377227424,-0.0026746428937191335,0,5,19,-38.55,-0.9649122807017494,GRU
0.9997,50,4,0.0,0.0,0.0,0.9633041377227424,-0.0026746428937191335,0,5,19,-38.55,-0.9649122807017494,GRU
0.9996,50,4,0.0,0.0,0.0,0.9632663847780126,-0.00292997981096898,0,6,19,-38.66,-1.1578947368420993,GRU
0.999,30,3,0.0,0.0,0.0,0.963228631833283,-0.0031647996554293066,0,7,19,-38.769999999999996,-1.3508771929824492,GRU
0.9995,35,3,0.0,0.0,0.0,0.963228631833283,-0.0031647996554293066,0,7,19,-38.769999999999996,-1.3508771929824492,GRU
0.9996,35,3,0.0,0.0,0.0,0.963228631833283,-0.0031647996554293066,0,7,19,-38.769999999999996,-1.3508771929824492,GRU
0.9998,40,3,0.0,0.0,0.0,0.963228631833283,-0.0031647996554293066,0,7,19,-38.769999999999996,-1.3508771929824492,GRU
0.9995,50,4,0.0,0.0,0.0,0.9631908788885533,-0.0033833770289647264,0,8,19,-38.879999999999995,-1.543859649122799,GRU
0.9995,40,2,0.06878306878306878,0.01344364012409514,0.022491349480968856,0.9573391724554515,0.014589072790517528,6,176,13,-40.30514547253198,-4.044114864091198,GRU
0.999,35,2,0.06280193236714976,0.01344364012409514,0.022146507666098807,0.9566596194503171,0.012442904371911279,6,194,13,-42.17893808686825,-7.3314703278390345,GRU
0.9998,50,2,0.058823529411764705,0.015511892450879007,0.024549918166939442,0.9549984898822108,0.011731619118614686,6,240,13,-46.99472938025982,-15.780226982911964,GRU
0.9997,50,2,0.06209150326797386,0.01964839710444674,0.029850746268656716,0.9533751132588342,0.014747612722712166,6,287,13,-52.16323293017452,-24.84777707048162,GRU
0.9996,50,2,0.06363636363636363,0.02171664943123061,0.032382420971472634,0.9526200543642405,0.016247248921722888,6,309,13,-54.57623429196888,-29.08111279292786,GRU
0.999,40,2,0.056451612903225805,0.02171664943123061,0.031366691560866314,0.9510344306855935,0.012691960574401265,7,351,12,-56.28145276973233,-32.07272415742514,GRU
0.9995,50,2,0.06388888888888888,0.023784901758014478,0.0346646571213263,0.9516384778012685,0.0171374858887411,6,337,13,-57.49929644226058,-34.20929200396593,GRU
0.9998,25,1,0.05989110707803993,0.03412616339193381,0.043478260869565216,0.9451827242524917,0.018172806175642375,12,518,7,-61.17840160888599,-40.663862471729814,GRU
0.9998,20,1,0.054924242424242424,0.02998965873836608,0.03879598662207358,0.9457490184234371,0.014004706397066932,11,499,8,-61.30220153601552,-40.88105532634302,GRU
0.9997,20,1,0.052083333333333336,0.031023784901758014,0.0388852883992223,0.9440123829658713,0.012382558079621237,11,546,8,-66.44134191953299,-49.89709108689998,GRU
0.9997,25,1,0.054635761589403975,0.03412616339193381,0.042011457670273714,0.9431818181818182,0.014765755106883464,12,571,7,-67.00817589430203,-50.89153665667022,GRU
0.999,50,2,0.0650759219088937,0.031023784901758014,0.04201680672268908,0.9483539716097855,0.02027299263294003,6,431,13,-67.71960770547888,-52.139662641191016,GRU
0.9998,40,1,0.05457746478873239,0.03205791106514995,0.040390879478827364,0.9443899124131683,0.014262995158852978,10,537,9,-69.05355280889003,-54.479917208579,GRU
0.9998,30,1,0.05604203152364273,0.033092037228541885,0.04161248374512354,0.9443521594684385,0.015460542334712434,10,539,9,-69.46507702799595,-55.2018895227999,GRU
0.9998,35,1,0.05363321799307959,0.03205791106514995,0.040129449838187704,0.9440123829658713,0.013638804164763324,10,547,9,-70.22881387491071,-56.54177872791353,GRU
0.9996,25,1,0.053125,0.03516028955532575,0.04231487243310516,0.9418982180610087,0.013942472821759554,12,606,7,-70.82803785783598,-57.593048873396455,GRU
0.9996,20,1,0.04983922829581994,0.03205791106514995,0.03901825047199497,0.942351253397765,0.01102344162465268,11,591,8,-71.32221676634926,-58.46002941464782,GRU
0.9997,40,1,0.05490848585690516,0.03412616339193381,0.042091836734693876,0.9432950770160072,0.01494975415758148,10,568,9,-72.46354911868426,-60.46236687488466,GRU
0.9998,50,1,0.053763440860215055,0.031023784901758014,0.03934426229508197,0.9446919359710058,0.013497449158976691,8,528,11,-73.02138325773893,-61.44102325919111,GRU
0.9997,35,1,0.05245901639344262,0.033092037228541885,0.040583386176284084,0.9428797946239806,0.013058689075685269,10,578,9,-73.52993862841878,-62.33322566389259,GRU
0.9995,20,1,0.04821150855365474,0.03205791106514995,0.03850931677018634,0.9415584415584416,0.009843597986711897,11,612,8,-73.61121790590875,-62.475820887559195,GRU
0.9995,25,1,0.05473372781065089,0.038262668045501554,0.04503956177723677,0.9407656297191181,0.015727365881070973,12,639,7,-74.45608607105208,-63.95804573868787,GRU
0.9997,30,1,0.05305466237942122,0.03412616339193381,0.04153555695405916,0.9425022651766838,0.01368206766154525,10,589,9,-74.96507702799589,-64.85101232981735,GRU
0.9996,40,1,0.054945054945054944,0.03619441571871768,0.043640897755610975,0.9420869827846572,0.015432309914263044,10,602,9,-76.18615782103232,-66.99325933514443,GRU
0.9996,35,1,0.05287713841368585,0.03516028955532575,0.04223602484472049,0.9417849592268197,0.01376746777364661,10,609,9,-76.84800019020713,-68.154386298609,GRU
0.9997,50,1,0.05218855218855219,0.03205791106514995,0.03971812940422806,0.9434083358501963,0.012663888660840276,8,563,11,-76.85708133715525,-68.17031813536009,GRU
0.9996,30,1,0.0514820592823713,0.03412616339193381,0.041044776119402986,0.9417849592268197,0.0125740954116131,10,608,9,-76.91159491504014,-68.2659559912985,GRU
0.9995,30,1,0.04969879518072289,0.03412616339193381,0.04046597179644389,0.9409166414980369,0.011278726310381338,10,631,9,-79.34140485967566,-72.52878045557134,GRU
0.9996,50,1,0.050080775444264945,0.03205791106514995,0.039092055485498114,0.942464512231954,0.011195413274224153,8,588,11,-79.57340327942738,-72.93579522706558,GRU
0.9995,35,1,0.05067064083457526,0.03516028955532575,0.04151404151404152,0.9407278767743884,0.012174955251361783,10,637,9,-79.9028605638903,-73.51379046296543,GRU
0.9995,40,1,0.05349182763744428,0.03722854188210962,0.04390243902439024,0.9408033826638478,0.014622350976308575,10,637,9,-79.95451650008997,-73.60441491243854,GRU
0.9995,50,1,0.04938271604938271,0.033092037228541885,0.03962848297213622,0.9414451827242525,0.010871674355427621,8,616,11,-82.65340276776791,-78.33930310134721,GRU
0.999,20,1,0.05242463958060288,0.04136504653567735,0.046242774566473986,0.9377076411960132,0.014616643996616854,12,723,7,-83.36522720290888,-79.58811789984014,GRU
0.999,25,1,0.04915912031047866,0.03929679420889348,0.04367816091954023,0.9371790999697976,0.011696166282975895,12,735,7,-84.86739714408753,-82.22350376155708,GRU
0.999,50,1,0.049597855227882036,0.038262668045501554,0.04319906596614127,0.9381229235880398,0.01188228982814093,9,709,10,-89.9183858907112,-91.08488752756352,GRU
0.999,35,1,0.050518134715025906,0.04033092037228542,0.044853364002300174,0.9372923588039868,0.012943875096600074,10,733,9,-90.409967968614,-91.9473122256386,GRU
0.999,30,1,0.04657179818887452,0.03722854188210962,0.041379310344827586,0.9370280881908789,0.009304315561282145,10,737,9,-90.87193800457571,-92.75778597293984,GRU
0.999,40,1,0.05102040816326531,0.04136504653567735,0.045688178183894916,0.9369148293566898,0.013514850689186515,10,744,9,-91.57946526833626,-93.99906187427415,GRU
